product_title,product_brand,model_name,screen_Size,product_color,harddisk_size,cpu_model,ram_size,operating_system,graphic_card,graphics_coprocessor,product_processor
"ASUS ROG Strix G16 (2023) Gaming Laptop, 16” 16:10 FHD 165Hz, GeForce RTX 4070, Intel Core i9-13980HX, 16GB DDR5, 1TB PCIe SSD, Wi-Fi 6E, Windows 11, G614JI-AS94, Eclipse Gray",ASUS,ROG Strix G16,16 Inches,Eclipse Gray,1 TB,Intel Core i9,16 GB,,,,5.6 GHz intel_core_i9
"Lenovo IdeaPad 1 14 Laptop, 14.0"" HD Display, Intel Celeron N4020, 4GB RAM, 64GB Storage, Intel UHD Graphics 600, Win 11 in S Mode, Cloud Grey",Lenovo,Lenovo Ideapad 1i,14 Inches,Gray,64 GB,Celeron N4020,4 GB,,,,1.1 GHz celeron_n4020
"HP 14 Laptop, Intel Celeron N4020, 4 GB RAM, 64 GB Storage, 14-inch Micro-edge HD Display, Windows 11 Home, Thin & Portable, 4K Graphics, One Year of Microsoft 365 (14-dq0040nr, 2021, Snowflake White)",HP,14-dq0040nr,14 Inches,Snowflake White,64 GB,Celeron N4020,4 GB,,,,2.8 GHz celeron_n4020
"Dell Inspiron 15 3000 Series 3530 Laptop, 15.6"" FHD Touchscreen, 13th Gen Intel Core i7-1355U, 32GB RAM, 1TB PCIe SSD, Webcam, HDMI, Wi-Fi 6, Windows 11 Home, Black",Dell,Inspiron 15 3530,15.6 Inches,Black,1 TB,Core i7 Family,32 GB,,,,1.2 GHz core_i7_family
"ASUS C523NA Chromebook 15.6"" HD Laptop, Intel Celeron N3350 Processor, 4GB RAM, 64GB eMMC Flash Memory, Intel HD Graphics, HD Webcam, Stereo Speakers, Chrome OS, Silver, (renewed)",ASUS,15.6 Inches,Silver,64 GB,Celeron N,4 GB,,,,,1.1 GHz celeron_n
 , , , , , , , , , , , 
"ASUS New ROG Flow 16"" WQXGA Touchscreen Gaming Laptop - AMD R9-6900HS- NVIDIA GeForce RTX 3060 V6G Graphics- DDR5 Memory -MUX- 360-degree adjustability，w/HDMI (64GB RAM|4TB PCIe SSD)",ASUS,Asus ROG Flow,16,64GB RAM|4TB PCIe SSD,Ryzen 9,64 GB,,,,,4.9 GHz ryzen_9
"ASUS TUF Gaming A17 Gaming Laptop, 17.3” 144Hz FHD IPS-Type Display, AMD Ryzen 5 4600H, GeForce GTX 1650, 8GB DDR4, 512GB PCIe SSD, RGB Keyboard, Windows 11 Home, Bonfire Black Color, FA706IH-RS53",ASUS,TUF Gaming A17,17.3 Inches,Bonfire Black,512 GB,Ryzen 5,8 GB,,,,4 GHz ryzen_5
"MSI Thin GF63 15.6"" 144Hz Gaming Laptop: 12th Gen Intel Core i7, NVIDIA GeForce RTX 4050, 16GB DDR4, 512GB NVMe SSD, Type-C, Cooler Boost 5, Win11 Home: Black 12VE-066US",MSI,Thin GF63 12VE-066US,15.6 Inches,RTX 4050,512 GB,Core i7,16 GB,,,,1.7 GHz core_i7
"LG 2023 Gram 17 Ultra Lightweight Business Laptop, 13th Intel Evo Platform 12-Core i7-1360P, 17.3"" IPS WQXGA (2560 x 1600) 16:10 Display, 80Wh Battery, Backlit KB, WiFi 6E, Win11 PRO(16GB|512GB SSD)",LG,LG Gram 17,17.3 Inches,Black,512 GB,Core i7,16 GB,,,,5 GHz core_i7
"ASUS 2023 Newest Vivobook 15.6"" FHD Screen Laptop, Intel Core i5-1135G7 (Beats i7-1065G7), 20GB RAM, 1TB SSD, Webcam, HDMI, Wi-Fi, Windows 11 Home, KKE Accessories",ASUS,F1500E,15.6 Inches,1 TB,Core i5 Family,20 GB,,,,,2.4 GHz core_i5_family
"Lenovo 2023 Newest IdeaPad 3 14"" FHD Laptop, for Students and Business, Intel Core i3-1115G4(Up to 4.1GHz), 20GB DDR4 RAM, 1TB NVMe SSD, Webcam, HDMI, WiFi 6, Win 11 Home, GM Accessory",Lenovo,IdeaPad 3,14 Inches,Gray,1 TB,Intel Core i3,20 GB,,,,3 GHz apple_ci3
"GIGABYTE G5 KF: 15.6"" FHD 1920x1080 144Hz, NVIDIA GeForce RTX 4060 Laptop GPU, Intel Core i5-12500H, 8GB DDR4 RAM, 512G SSD, Win11 Home (G5 KF-E3US333SH) Black",Gigabyte,G5 KF-E3US333SH,15.6,Black,512 GB,Core i5,8 GB,,,,4.5 GHz core_i5
"Acer Swift Go 14 Intel Evo Thin & Light Laptop 14"" 1920x1200 100% sRGB Touch Display Intel Core i7-1355U Intel Iris Xe 16GB LPDDR5 512GB Gen 4 SSD Killer WiFi 6E AX1675 SFG14-71T-72QV",acer,Swift Go 14,14 Inches,Silver,512 GB,Intel Core i7-1355U,16 GB,,,,5 GHz intel_core_i7_1355u
"Acer Nitro 17 Gaming Laptop | AMD Ryzen 7 7840HS Octa-Core CPU | NVIDIA GeForce RTX 4050 Laptop GPU | 17.3"" FHD 165Hz IPS Display | 16GB DDR5 | 1TB Gen 4 SSD | Wi-Fi 6E | RGB Backlit KB | AN17-41-R6L9",acer,Nitro 17,17.3 Inches,Black,1 TB,AMD Ryzen 7,16 GB,,,,5.1 GHz amd_ryzen_7
"lenovo 14"" FHD Ideapad 3 Newest Laptop, 20GB RAM, 512GB PCIe SSD,Intel Dual Core Processor(Up to 4.1GHz), WiFi, Webcam, Bluetooth, HDMI, Windows 11 S+ Accessories",lenovo,lenovo i3,14 Inches,512 GB,Intel Mobile CPU,20 GB,,,,,3 GHz Intel_Mobile_CPU
"Lenovo 14E Chromebook 81MH0006US 14"" Chromebook - 1920 X 1080 - A-Series A4-9120 - 4 GB RAM - 32 GB Flash Memory - Chrome OS - AMD Radeon R3 Graphics - English (US) (Renewed)",Lenovo,81MH0006US,14 Inches,32 GB,A-Series,4 GB,,,,,1.6 GHz a_series
"ASUS TUF Gaming A15 (2023) Gaming Laptop, 15.6” FHD 144Hz, 100% sRGB Display, GeForce RTX 4050, AMD Ryzen 7 7735HS, 16GB DDR5, 1TB PCIe SSD, Wi-Fi 6E, Windows 11, FA507NU-DS74,Mecha Gray",ASUS,TUF Gaming A15,15.6 Inches,Mecha Gray,1 TB,Ryzen 7,16 GB,,,,4.7 GHz ryzen_7
"LG gram 16” 2in1 Lightweight Laptop, Intel 13th Gen Core i7 Evo Platform, Windows 11 Home, 16GB RAM, 512GB SSD, Black",LG,16T90R-K.AAC7U1,16,Black,512 GB,Intel Core i7,16 GB,,,,5 apple_ci7
"MSI Creator M16 16"" 60Hz QHD+ Content Creation Laptop: 13th Gen Intel Core i7, RTX 4060, 32GB DDR5, 1TB NVMe SSD, 180-Degree Lay-Flat, USB 3.2 Type C, HDMI, Win 11 Home: Black B13VF-453US",MSI,Creator M16 B13VF-453US,16 Inches,1 TB,Core i7,32 GB,,,,,2.4 GHz core_i7
"ASUS VivoBook 16 Laptop, 16” WUXGA (1920 x 1200) 16:10 Display, AMD Ryzen 5 7530U CPU, AMD Radeon™ Graphics, 8GB RAM, 512GB SSD, Fingerprint Sensor, Windows 11 Home, Indie Black, M1605YA-ES52",ASUS,VivoBook 16,16 Inches,Indie Black,512 GB,Ryzen 5,8 GB,,,,4.3 GHz ryzen_5
"HP - Victus 15.6"" Gaming Laptop - Intel Core i5-12450H - 8GB Memory - NVIDIA GeForce GTX 1650-512GB SSD - Mica Silver - Model 15-fa0031dx",HP,laptop,15 Inches,Mica Silver,512 GB,Core i5,8 GB,,,,3.4 core_i5
"HP ZBook Studio 16 G9 2023 Laptop 16"" FHD+ IPS 14-Core Intel i7-12700H 32GB DDR5 1TB SSD NVIDIA RTX A3000 12GB GDDR6 Thunderbolt 4 Wi-Fi 6E Backlit KB Fingerprint Windows 10 Pro w/ONT 32GB USB",HP,ZBook Studio 16 G9,16 Inches,Platinum Silver,1 TB,Core i7 Family,32 GB,,,,2.7 GHz core_i7_family
"Acer Aspire 5 A515-46-R3CZ Slim Laptop | 15.6"" Full HD IPS | AMD Ryzen 7 3700U Quad-Core Mobile Processor | 8GB DDR4 | 256GB NVMe SSD | WiFi 6 | Backlit KB | Fingerprint Reader | Windows 11 Home",acer,A515-46-R3CZ,15.6 Inches,Silver,256 GB,Ryzen 7,8 GB,,,,4 GHz ryzen_7
"MSI Creator Z16P 16"" Professional Creator Laptop: Intel Core i7-12700H RTX 3080 Ti 32GB DDR5 1TB NVMe SSD, QHD+ 165hz 100% DCI-P3, Thunderbolt 4 w/ PD Charging, Win 11 Pro: Lunar Gray B12UHST-040",MSI,CREATORZ16P040,16,Gray,1 TB,Core i7,32 GB,,,,1.7 core_i7
"Acer Aspire 3 A315-24P-R7VH Slim Laptop | 15.6"" Full HD IPS Display | AMD Ryzen 3 7320U Quad-Core Processor | AMD Radeon Graphics | 8GB LPDDR5 | 128GB NVMe SSD | Wi-Fi 6 | Windows 11 Home in S Mode",acer,A315-24P-R7VH,15.6 Inches,Silver,128 GB,Ryzen 3,8 GB,,,,4.1 GHz ryzen_3
"Acer Nitro 5 AN515-58-57Y8 Gaming Laptop | Intel Core i5-12500H | NVIDIA GeForce RTX 3050 Ti Laptop GPU | 15.6"" FHD 144Hz IPS Display | 16GB DDR4 | 512GB Gen 4 SSD | Killer Wi-Fi 6 | Backlit Keyboard",acer,AN515-58-57Y8,15.6 Inches,Black,512 GB,Core i5,16 GB,,,,4.5 GHz core_i5
"ASUS TUF Gaming F15 Gaming Laptop, 15.6” 144Hz FHD Display, Intel Core i5-11400H Processor, GeForce RTX 2050, 8GB DDR4 RAM, 512GB PCIe SSD Gen 3, Wi-Fi 6, Windows 11, FX506HF-ES51,Graphite Black",ASUS,FX506HF-ES51,15.6 Inches,Graphite Black,512 GB,Core i5,8 GB,,,,4.5 GHz core_i5
"ASUS Vivobook Go 15 L510 Thin & Light Laptop Computer, 15.6” FHD Display, Intel Celeron N4020 Processor, 4GB RAM, 64GB Storage, Windows 11 Home in S Mode, 1 Year Microsoft 365, Star Black, L510MA-AS02",ASUS,ASUS Vivobook Go 15,15.6 Inches,Star Black,64 GB,Celeron,4 GB,,,,2.8 celeron
"ASUS VivoBook 15 Thin and Light Laptop, 15.6” FHD Display, Intel i3-1005G1 CPU, 8GB RAM, 128GB SSD, Backlit Keyboard, Fingerprint, Windows 10 Home in S Mode, Slate Gray, F512JA-AS34",ASUS,VivoBook 15,15.6 Inches,Slate Gray,128 GB,Core i3-1005G1,8 GB,,,,3.4 GHz core_i3_1005g1
"HP EliteBook 840 G3 Laptop 14-inch HD Display, Intel Core i5-6200U 2.3Ghz, 256GB SSD, 16GB DDR4 RAM, Webcam, WiFi, Windows 10 Pro (Renewed)",HP,EliteBook 840,14 Inches,Silver,256 GB,Core i5 6200U,16 GB,,,,2.3 core_i5_6200u
"Lenovo IdeaPad 1 14” HD Laptop, Intel Pentium Silver N5030, 4GB RAM, 128GB SSD, Windows 11 Home S Mode, Office 365 1 Year Included",Lenovo,L14,14 Inches,Platinum Grey,128 GB,Pentium,4 GB,,,,1.1 GHz pentium
"MSI Cyborg Gaming Laptop, 15.6'' 144hz IPS FHD Display, GeForce RTX 4060, Intel 10-Core i7-12650H, 32GB DDR5, 1TB PCIe SSD, Backlit KB, Wi-Fi 6, RJ45, Type-C, SPS HDMI 2.1 Cable, Win 11 Pro, Black",MSI,15.6 Inches,Black,1 TB,Core i7,32 GB,,,,,3.5 GHz core_i7
HP 2023 Newest 14” FHD IPS Laptop PC 10-Core Intel 13th i7-1355U Iris Xe Graphics 32GB DDR4 1TB NVMe SSD WiFi AX BT HDMI Webcam Backlit Keyboard Windows 11 Home w/RE USB,HP,14-EP000,14 Inches,Natural Silver,1 TB,Core i7 Family,32 GB,,,,2.9 GHz core_i7_family
"MSI Vector GP77 Laptop: Intel Core i9-13900H, GeForce RTX 4070, 17.3"" QHD 240Hz 3ms, 32GB DDR5, 1TB NVMe SSD, USB 3.2 Gen2 Type C w/DP, Vapor Chamber Cooler, Win 11 Pro: Cosmo Gray 13VG-096US",MSI,Vector GP77 13VG-096US,17.3 Inches,Cosmo Gray,1 TB,Core i9,32 GB,,,,2.6 GHz core_i9
"MSI Katana 15 15.6"" 144Hz FHD Gaming Laptop: 13th Gen Intel Core i7, RTX 4070, 16GB DDR5, 1TB NVMe SSD, USB-Type C, Cooler Boost 5, Win11 Home: Black B13VGK-484US",MSI,Katana 15 B13VGK-484US,15.6 Inches,1 TB,Core i7,16 GB,,,,,2.4 GHz core_i7
"MSI GF63 Thin 11SC-693 15.6"" Gaming Laptop, Intel Core i5-11400H, NVIDIA GeForce GTX 1650, 8GB Memory, 256GB NVMe SSD, Windows 11",MSI,15.6 Inches,Black,256 GB,Intel Core i5,8 GB,,,,,8 GB DDR4
"ASUS ROG Strix G15 (2022) Gaming Laptop, 15.6” 300Hz IPS FHD Display, NVIDIA GeForce RTX 3060, AMD Ryzen 7 6800H, 16GB DDR5, 1TB SSD, RGB Keyboard, Windows 11 Home, G513RM-IS74",ASUS,ROG Strix G15,15.6 Inches,Eclipse Gray,1 TB,AMD Ryzen 7,16 GB,,,,4.7 GHz amd_ryzen_7
"HP 2022 High Performance Business Laptop - 17.3"" HD+ Touchscreen - 10-Core 12th Intel i7-1255U Iris Xe Graphics - 32GB DDR4-1TB SSD - WiFi 6 Bluetooth - Backlit Keyboard - Win 11 Pro w/ 32GB USB",HP,17-CN0065CL,17.3 Inches,Silver,1 TB,Core i7 Family,32 GB,,,,2.9 GHz core_i7_family
"MSI Raider GE78 HX 17.3"" QHD+ 240Hz Gaming Laptop: Intel Core i9-13980HX, RTX 4090, 32GB DDR5, 2TB NVMe SSD, Thunderbolt 4, USB-Type C, Cooler Boost 5, Win 11 Pro: Dark Grey 13VI-079US",MSI,Raider GE78 HX 13VI-079US,17 Inches,2 TB,Core i9,32 GB,,,,,2.2 GHz core_i9
"Acer Aspire 5 A515-56-347N Slim Laptop - 15.6"" Full HD IPS Display - 11th Gen Intel i3-1115G4 Dual Core Processor - 8GB DDR4 - 128GB NVMe SSD - WiFi 6 - Amazon Alexa - Windows 11 Home in S Mode,Silver",acer,A515-56-347N,15.6 Inches,Silver,128 GB,Core I3 1115G4,8 GB,,,,4.1 GHz core_i3_1115g4
"HP Pavilion 15-P051US 15.6"" Touchscreen Laptop, AMD A10-5745M Quad-Core 2.1GHz, 8GB DDR3, 750GB SATA, 802.11n, Bluetooth, Win8.1 - Silver, Silver, 15.6""",HP,HP 15-P051US,15.6 Inches,Silver,750 GB,A10,8 GB,,,,2.1 GHz a10
"EVOLVE III Maestro E Book 11.6'' 4GB 64GB eMMC Celeron N3450 1.1GHz Win10P, Dark Gray",Evolve,Custom/No Brand III Maestro E Book,11.6 Inches,Gray,64 GB,Celeron N3450,4 GB,,,,1.1 GHz celeron_n3450
"Lenovo 11.6"" 300 (Renewed) (32GB, Non-Touchscreen)",Lenovo,11.6 Inches,Black,32 GB,4 GB,,,,,,2.1 GHz
"LENOVO 2022 Yoga 7i 2-in-1 15.6-inch FHD Touchscreen Premium Laptop PC, Intel Quad-Core i5-1135G7, Intel Iris Xe Graphics, 8GB DDR4 RAM, 256GB SSD, Backlit Keyboard, Windows 10 Home, Gray",LENOVO,Lenovo Yoga,15.6 Inches,Black,256 GB,Intel Core i5,8 GB,,,, 
"Dell Latitude 5540 15.6"" Notebook - Full HD - 1920 x 1080 - Intel Core i7 13th Gen i7-1365U Deca-core (10 Core) - 16 GB Total RAM - 512 GB SSD - Titan Gray",Dell,Latitude,15.6 Inches,32GB RAM | 1TB SSD,512 GB,Core i7,16 GB,,,,5.2 GHz core_i7
"ASUS ROG Zephyrus M16 (2022) GU603ZM-M16.I73060 (Intel Core i7-12700H Processor, 16GB RAM, 512GB PCIe NVMe SSD, NVIDIA GeForce RTX 3060 6GB Graphics, 16"" WUXGA 165Hz, Windows 11) - Black",ASUS,ROG Zephyrus 16,16 Inches,16GB DDR5 RAM| 512GB SSD,64 GB,Core i7,,,,,2.3 GHz core_i7
"MSI Stealth 15 15.6"" FHD 144Hz Gaming Laptop: Intel Core i5-13420H, RTX 4060, 16GB DDR5, 512GB NVMe SSD, USB-Type C, Cooler Boost Trinity+, Win11 Home: Core Black A13VF-038US",MSI,Stealth 15 A13VF-038US,15.6 Inches,512 GB,Core i5,16 GB,,,,,2.1 GHz core_i5
"Lenovo IdeaPad Slim 3 - (2023) - Everyday Laptop - Lightweight - Windows 11-15.6"" FHD - 8GB Memory - 256GB Storage - AMD Ryzen 3 7320U - Arctic Grey",LENOVO (UNITED STATES),82XQ001GUS,15.6 Inches,256 GB,AMD Ryzen 3 2300X,,,,,,2.4 GHz amd_ryzen_3_2300x
"EVRAIN 10.1inch Android Netbook, Portable Laptop with A133P CPU, 2GB RAM 64GB ROM 800x1280 IPS Screen (Black)",EVRAIN,HL-1016M,10.1 Inches,Black,64 GB,A110,2 GB,,,,1.8 GHz a110
"Asus C223 11.6/'' HD Chromebook Laptop, Intel Celeron N3350 Processor, 4GB RAM, 32GB eMMC Flash Memory, Intel HD Graphics, HD Webcam, Stereo Speakers, Chrome OS, Gray, (renewed)",ASUS,ASUS Chromebook,11.6 Inches,Silver,64 GB,Celeron N,4 GB,,,,1.1 GHz celeron_n
"SAMSUNG 15.6"" Galaxy Book3 Business Laptop Computer/Windows 11 PRO/16GB - 512GB/ 13th Gen Intel® Core i7-1355U Processor, 2023 Model, NP754XFG-KB1US, Silver",SAMSUNG,NP754XFG-KB1US,15.6 Inches,Silver,16 GB,Core i7,16 GB,,,,core_i7
"HP 15.6 Inch Laptop, Intel Iris Xe Graphics, 11th Generation Intel Core Processor, 8 GB RAM, 256 GB SSD, Windows 11 Home (15-dy2024nr, Natural silver)",HP,15-dy2024nr,15.6 Inches,Natural Silver,256 GB,Intel Core i5-1135G7,8 GB,,,,3 GHz intel_core_i5_1135g7
"Thomson Laptop NEO 14,14.1 Inch, Intel Atom, 4Gb RAM, 64Gb eMMC Storage, Windows 10 - Pink REFURBISHED Like New",Thomson,NEO14,14.1 Inches,Pink,64 GB,Atom,4 GB,,,,1.44 GHz atom
"Lenovo Flex 5 Laptop, 14.0"" FHD Touch Display, AMD Ryzen 5 5500U, 16GB RAM, 512GB Storage, AMD Radeon Graphics, Windows 11 Home, Storm Grey",Lenovo,2022,14,Storm Grey,512,Ryzen 5 5500U,16 GB,,,,2.1 GHz ryzen_5_5500u
"ASUS Creator Laptop Q530 2023 15.6"" FHD OLED 10-Core Intel i7-13620H 32GB DDR5 2TB SSD NVIDIA GeForce RTX 3050 6GB GDDR6 Thunderbolt 4 Wi-Fi 6E Backlit KB Fingerprint Windows 11 Home w/ONT 32GB USB",ASUS,Creator Laptop Q,15.6 Inches,Black,2 TB,Core i7 Family,32 GB,,,,2.9 GHz core_i7_family
"Acer Nitro 5 AN515-46-R0EQ Gaming Laptop | AMD Ryzen 7 6800H Octa-Core CPU | NVIDIA GeForce RTX 3070 Ti Laptop GPU | 15.6"" QHD FreeSync 165Hz IPS | 32GB DDR5 | 1TB Gen 4 SSD | Wi-Fi 6E | RGB Backlit",acer,AN515-46-R0EQ,15.6 Inches,Black,1 TB,Ryzen 7,32 GB,,,,4.7 GHz ryzen_7
"HP 15.6 inch Laptop, FHD Display, 12th Gen Intel Core i5, 16 GB RAM, 512 GB SSD, Intel Iris Xe Graphics, Windows 11 Home, 15-dy5399nr (2023),Silver",HP,i5 12th Gen 15-dy5399nr,15.6 Inches,Silver,512 GB,Core i5,16 GB,,,,4.4 GHz core_i5
"Lenovo Ideapad 3i Flagship 14'' FHD Laptop for Business and Students Essential, 12GB RAM, 512GB NVMe SSD, Intel Dual Core Processor, Wi-Fi 6, HDMI, Dolby Audio, Windows 11 Home, GM Accessories, Gray",Lenovo,14 Inches,Gray,512 GB,Core i3 Family,12 GB,,,,,3 GHz core_i3_family
"ASUS ExpertBook B5 Thin & Light Business Laptop, 13.3” FHD OLED, Intel Core i7-1165G7, 512GB SSD, 16GB RAM, All-Day Battery, Enterprise-Grade Video Conference, NumberPad, Win 10 Pro, B5302CEA-XH74",ASUS,ASUS ExpertBook B5,13.3 Inches,Star Black,512 GB,Intel Core i7-1165G7,,,,,4.7 GHz intel_core_i7_1165g7
"Dell 2022 Newest Inspiron 15 Laptop, 15.6"" HD Display, Intel Celeron N4020 Processor, 16GB DDR4 RAM, 1TB PCIe SSD, Webcam, HDMI, Wi-Fi, Bluetooth, Windows 11 Home, Black",Dell,Inspiron,15.6 Inches,Black,1 TB,Celeron N4020,16 GB,,,,1.1 GHz celeron_n4020
"Ematic 14.1"" Laptop PC with Intel Atom Quad-Core Processor, 4GB Memory, 32GB Flash Storage and Windows 10, Purple (EWT147PR)",Ematic,EWT147PR,14.1,PURPLE,32 GB,Intel Atom,32 GB,,,,1.44 GHz intel_atom
"Lenovo - IdeaPad 1 14"" Laptop - AMD A6-Series - 4GB Memory - AMD Radeon R4-64GB eMMC Flash Memory - Platinum Gray - 81VS009GUS",Lenovo,IdeaPad 1,14 Inches,Black,64 GB,AMD A6,4 GB,,,,1.6 GHz amd_a6
"ASUS TUF Gaming F15 (2023) Gaming Laptop, 15.6” FHD 144Hz, 100% sRGB Display, GeForce RTX 4050, Intel Core i5-13500H, 16GB DDR4, 512GB PCIe SSD Gen 4, Wi-Fi 6, Windows 11, FX507VU-ES53", , , , , , , , , , ,Windshield Mount
ASUS E410 Intel Celeron N4020 4GB 64GB 14-Inch HD LED Win 10 Laptop (Star Black),ASUS,Asus,14 Inches,Black,64 GB,Celeron,4 GB,,,,9 GHz celeron
"HP Stream 14 Laptop 2022-14"" 1366x768 Intel UHD Graphics - Intel Celeron N4020 2 Cores - 8GB DDR4 64GB NVMe eMMC - Wi-Fi 5- Win11 Pro TLG 32GB USB - Snowflake White",HP,Stream 14-DQ00,14 Inches,Snowflake White,256 GB,Celeron N4020,8 GB,,,,1.3 GHz celeron_n4020
"Dell Vostro 5620 Business Laptop, 16"" FHD Display, 12th Gen Intel Core i7-1260P, 64GB RAM, 1TB SSD, FHD Webcam, HDMI, Backlit Keyboard, Fingerprint Reader, Wi-Fi 6, Windows 11 Pro, Silver",Dell,Vostro,16 Inches,Silver,1 TB,Core i7 Family,64 GB,,,,2.1 GHz core_i7_family
"Lenovo - 2022 - IdeaPad 1i - Browse Laptop Computer - Intel Core i3 - 14.0"" HD Display - 4GB Memory - 128GB Storage - Windows 11 in S Mode",Lenovo,2022,14,Cloud Grey,Core i3,4 GB,,,,,core_i3
"ASUS ZenBook 13 Ultra-Slim Laptop, 13.3 OLED NanoEdge, Intel Evo Platform i5-1135G7, 8GB LPDDR4X RAM, 256GB SSD, Thunderbolt 4, Wi-Fi 6, Windows 11 Home, AI Noise-Cancellation, Pine Grey, UX325EA-DH51",ASUS,SUS ZenBook 13,13.3 Inches,Pine Grey,256 GB,Intel Core i5-1135G7,8 GB,,,,4.2 intel_core_i5_1135g7
"Lenovo Ideapad 1i, 14.0"" Laptop, Intel Pentium N5030, 4GB RAM, 128GB eMMC Storage, Cloud Grey, Windows 11 in S Mode, 82V6001DUS",Lenovo,82V6001DUS,14 Inches,Cloud Grey,128 GB,Pentium Other,4 GB,,,,1.1 GHz pentium_other
"Thomson Laptop NEO 10, 10.1 Inch, Intel Atom, 4Gb RAM, 64Gb eMMC Storage, Windows 10 - Black REFURBISHED Like New",Thomson,WWNEO10A4BK64-P,10,Black,64 GB,Intel Atom,4 GB,,,,1.44 GHz intel_atom
"ASUS BR1100 Laptop, 11.6"" HD Anti-Glare Display, 180 Degree, Celeron N4500, 4GB, 64GB SSD, MIL-STD 810H Durability, Tamper/Spill-Resistant Keyboard, TPM 2.0, Windows 10 Pro, Dark Grey, BR1100CKA-502Y",ASUS,ASUS BR1100,11.6 Inches,Dark Grey,64 GB,Celeron,4 GB,,,,2.8 GHz celeron
"Acer Aspire 1 A115-32-C96U Slim Laptop | 15.6"" Full HD Display | Intel Celeron N4500 Processor | 4GB DDR4 | 128GB eMMC | WiFi 5 | Microsoft 365 Personal 1-Year Subscription | Windows 11 Home in S mode",acer,A115-32-C96U,15.6 Inches,Silver,128 GB,Celeron N,4 GB,,,,2.8 GHz celeron_n
"MSI Cyborg 15 Gaming Laptop: Intel Core i5-12450H GeForce RTX 2050, 15.6"" FHD, 144Hz, 16GB DDR5, 512GB NVMe SSD, Type-C USB 3.2 Gen 1, Cooler Boost 5, Win 11 Home: Black A12UCX-276US",MSI,Cyborg 15 A12UCX-276US,15.6 Inches,Black,512 GB,Core i5 Family,16 GB,,,,1.3 GHz core_i5_family
"ASUS CX1500CNA Chromebook 15.6"" HD Laptop, Intel Celeron N3350 Processor, 4GB RAM, 64GB eMMC Flash Memory, Intel HD Graphics, HD Webcam, Stereo Speakers, Chrome OS, Black, (renewed)",ASUS,ASUS CX1500CNA,15.6 Inches,Black,64 GB,Celeron N,4 GB,,,,1.1 GHz celeron_n
"MSI Stealth 15M 15.6"" FHD 144Hz Ultra Thin and Light Gaming Laptop: Intel Core i7-1260P RTX 3060 16GB DDR5 512GB NVMe SSD , Thunderbolt 4, Cooler Boost 5, Win11 Pro: Carbon Gray B12UE-040",MSI,Stealth 15M B12UE-040,15.6 Inches,Gray,512 GB,Core i7,16 GB,,,,4.7 GHz core_i7
"ASUS VivoBook 14 Slim Laptop Computer, 14"" IPS FHD Display, Intel Core i3-1115G4 Processor, 4GB DDR4, 128GB PCIe SSD, Fingerprint Reader, Windows 11 Home in S Mode, Slate Grey, F415EA-AS31",ASUS,ASUS VivoBook 14,14 Inches,Slate Grey,128 GB,Core i3,4 GB,,,,4.1 core_i3
"ASUS VivoBook S 14X OLED Laptop, 14.5” 2.8K 16:10 120Hz Display, Intel Evo Platform, Intel Core i5-12500H CPU, 8GB RAM, 512GB SSD, Windows 11 Home, Midnight Black, S5402ZA-DB51",ASUS,VivoBook S 14X OLED,14.5 Inches,Black,512 GB,Core i5,8 GB,,,,4.5 GHz core_i5
"HP Envy Business Laptop 2023 16"" WQXGA IPS 120Hz Touchscreen 14-Core Intel i9-13900H 32GB DDR5 1TB SSD NVIDIA GeForce RTX 4060 8GB Thunderbolt 4 Wi-Fi 6E Backlit KB Windows 11 Pro w/ONT 32GB USB",HP,Envy 16,16 Inches,Natural Silver,1 TB,Intel Core i9,32 GB,,,,3 GHz intel_core_i9
"Lenovo Slim 7 Pro X Laptop: Ryzen 9 6900HS, RTX 3050, 32GB DDR5 RAM, 1TB SSD, 14.5'' Touchscreen IPS 3K (3072x1920) 120Hz Display, Windows 11 Gray",Lenovo,Slim 7 ProX,14.5 Inches,Gray,1 TB,Ryzen 9,32 GB,,,,3.3 GHz ryzen_9
"Newest MSI GF63 Thin Gaming Laptop, 15.6"" FHD 144Hz, Intel i5-11400H, RTX 3050, 16GB RAM, 512GB NVMe SSD, Windows 11, Aluminum Black",MSI,MSI GF63,15.6 Inches,512 GB,Core i5 Family,16 GB,,,,,2.7 GHz core_i5_family
"LG gram 17” Lightweight Laptop, Intel 13th Gen Core i7 Evo Platform, Windows 11 Home, 16GB RAM, 1TB SSD, Black",LG,17Z90R-K.AAB8U1,17,Black,1 TB,Intel Core i7,16 GB,,,,5 GHz apple_ci7
"Lenovo IdeaPad 3i Laptop, 14"" FHD Screen, Intel i3-1115G4 Processor, 12GB RAM, 256GB SSD, Webcam, HDMI, Media Card Reader, Dolby Audio, Wi-Fi 6, Windows 11 Home, Platinum Grey",Lenovo,IdeaPad,14 Inches,Grey,256 GB,Core i3 Family,20 GB,,,,3 GHz core_i3_family
"ASUS ROG Strix Scar 16 (2023) Gaming Laptop, 16” Nebula HDR QHD 240Hz/3ms, 1100 nits, Mini LED, GeForce RTX 4090, Intel Core i9-13980HX, 32GB DDR5, 2TB PCIe, Wi-Fi 6E, Windows 11 Pro,Off Black",ASUS,ROG Strix SCAR 16,16 Inches,Off Black,2 TB,Core i9,32 GB,,,,5.6 GHz core_i9
"MSI Katana 15 Laptop: Intel Core i9-13900H, GeForce RTX 4070, 15.6"" FHD 144Hz, 32GB DDR5, 1TB NVMe SSD, USB 3.2 Gen1 Type C w/DP, Cooler Boost 5, Win 11 Home: Black B13VGK-1007US",MSI,Katana 15 B13VGK-1007US,15.6 Inches,Black,1 TB,Core i9,32 GB,,,,2.6 GHz core_i9
"Microsoft Surface Laptop Studio - 14.4"" Touchscreen - Intel® Core™ i7 - 16GB Memory - 512GB SSD - Platinum",Microsoft,Surface Laptop,12.3 Inches,Platinum,256 GB,Intel Core i7-11700,16 GB,,,,3 GHz intel_core_i7_11700
"2023 Newest Upgraded Ideapad 3i Laptops for Student & Business by Lenovo, 14 inch FHD Computer, Intel Core i3-1115G4, 20GB RAM, 1TB SSD, HDMI, Webcam, Bluetooth, Webcam, Windows 11, Platinum Grey",ROKC,14 Inches,Gray,1000 GB,Intel Core i3,20 GB,,,,,1.7 GHz apple_ci3
"ASUS Chromebook C203XA Rugged & Spill Resistant Laptop, 11.6"" HD, 180 Degree, MediaTek Quad-Core Processor, 4GB RAM, 32GB eMMC, MIL-STD 810G Durability, Dark Grey, Education, Chrome OS, C203XA-YS02-GR",ASUS,ASUS Chromebook C203XA,11.6 Inches,Grey,32 GB,MediaTek_MT8127,4 GB,,,,4 GB DDR3
"HP Pavilion 15 Laptop, 11th Gen Intel Core i7-1165G7 Processor, 16 GB RAM, 512 GB SSD Storage, Full HD IPS micro-edge Display, Windows 11 Pro, Compact Design, Long Battery Life",HP,Pavilion,15.6 Inches,Natural silver aluminum,512 GB,Intel Core i7-1165G7,16 MB,,,,4.7 GHz intel_core_i7_1165g7
"Lenovo IdeaPad 3i 14"" FHD Slim and Light Laptop, Intel Core i5-10210U Processor, 8GB RAM, 512GB SSD, HDMI, Webcam, Wi-Fi, Bluetooth 5.0, Card Reader, Windows 11, Platinum Gray, 2-Week IFT Support",Lenovo,ideapad3i-14-i5,14 Inches,Platinum Gray,512 GB,Core i5-10210U,8 GB,,,,1.6 GHz core_i5_10210u
Logitech M510 Wireless Mouse-Black (Renewed), , , , , , , , , , ,4.6 ounces
"Lenovo IdeaPad Slim 5 2023 Laptop 16"" WUXGA IPS Touchscreen 8-Core AMD Ryzen 7 7730U 16GB RAM 1TB SSD AMD Radeon Graphics Wi-Fi 6 Backlit Keyboard Fingerprint Windows 11 Home w/ONT 32GB USB",Lenovo,IdeaPad Slim 5 82XG,16 Inches,Abyss Blue,1 TB,Ryzen 7,16 GB,,,,2.9 GHz ryzen_7
"Dell Inspiron 15 3000 Series 3511 Laptop, 15.6"" FHD Touchscreen, Intel Core i5-1035G1, 16GB DDR4 RAM, 1TB PCIe SSD, SD Card Reader, Webcam, HDMI, Wi-Fi, Windows 11 Home, Black",Dell,Inspiron,15.6 Inches,Black,1 TB,Core i5-1035G1,16 GB,,,,1 GHz core_i5_1035g1
"MSI Pulse15 Laptop: Intel Core i7-13620H, GeForce RTX 4060, 15.6"" FHD 144Hz, 32GB DDR5, 1TB NVMe SSD, USB 3.2 Gen1 Type C w/DP, Cooler Boost 5, Win 11 Pro: Black B13VFK-1263US",MSI,Pulse 15 B13VFK-1263US,15.6 Inches,Black,1 TB,Core i7,32 GB,,,,2.4 GHz core_i7
"Dell Vostro 2023 Laptop - 15.6"" FHD Intel Iris Xe Graphics - Intel Core i7-1255U 10 Cores - 16GB DDR4 1TB NVMe SSD- Numeric Keypad Wi-Fi 5 Bluetooth 5.1 - Win11 Pro - Carbon Black",Dell,Vostro 3520,15.6 Inches,Carbon Black,1 TB,Core i7 Family,16 GB,,,,3 GHz core_i7_family
"MSI Raider GE68Hx 16"" QHD+ 240Hz Gaming Laptop: Intel Core i9-13950HX, RTX 4060, 16GB DDR5, 1TB NVMe SSD, Thunderbolt 4, USB-Type C, Cooler Boost 5, Win 11 Pro: Black 13VF-049US",MSI,Raider GE68HX 13VF-049US,16 Inches,1 TB,Core i9,16 GB,,,,,2.2 GHz core_i9
"HP Victus 15.6"" Gaming Laptop PC, NVIDIA GeForce RTX 3050 Ti, AMD Ryzen 7 5800H, Refined 1080p IPS Display, Compact Design, All-in-One Keyboard with Enlarged Touchpad, HD Webcam (15-fb0028nr, 2022)",HP,Victus,15.6 Inches,Silver,4 GB,AMD Ryzen 7 5800H,16 GB,,,,4.4 GHz amd_ryzen_7_5800h
"ASUS Chromebook C203XA Rugged & Spill Resistant Laptop, 11.6"" HD, 180 Degree, MediaTek Quad-Core Processor, 4GB RAM, 32GB eMMC, MIL-STD 810G Durability, Dark Grey, Education, Chrome OS, C203XA-YS02-GR",ASUS,ASUS Chromebook C203XA,11.6 Inches,Grey,32 GB,MediaTek_MT8127,4 GB,,,,4 GB DDR3
"MSI 2023 Gaming Laptop GF63 Intel Core i5-10500H 6-Core NVIDIA GeForce GTX 1650 4 GB 8 GB DDR4 256 GB SSD 15.6"" 1920 x 1080 60 Hz Win10 Home Wi-Fi 6 Bluetooth 5.1 Backlit Keyboard 720p HD Camera",MSI,GF63 Thin 10SCXR,15.6 Inches,Black,256 GB,Core i5 Family,64 GB,,,,2.7 GHz core_i5_family
"HP Pavilion 15 Laptop, 11th Gen Intel Core i7-1165G7 Processor, 16 GB RAM, 512 GB SSD Storage, Full HD IPS micro-edge Display, Windows 11 Pro, Compact Design, Long Battery Life",HP,Pavilion,15.6 Inches,Natural silver aluminum,512 GB,Intel Core i7-1165G7,16 MB,,,,4.7 GHz intel_core_i7_1165g7
"Lenovo IdeaPad Slim 5 2023 Laptop 16"" WUXGA IPS Touchscreen 8-Core AMD Ryzen 7 7730U 16GB RAM 1TB SSD AMD Radeon Graphics Wi-Fi 6 Backlit Keyboard Fingerprint Windows 11 Home w/ONT 32GB USB",Lenovo,IdeaPad Slim 5 82XG,16 Inches,Abyss Blue,1 TB,Ryzen 7,16 GB,,,,2.9 GHz ryzen_7
"Lenovo IdeaPad 3i 14"" FHD Slim and Light Laptop, Intel Core i5-10210U Processor, 8GB RAM, 512GB SSD, HDMI, Webcam, Wi-Fi, Bluetooth 5.0, Card Reader, Windows 11, Platinum Gray, 2-Week IFT Support",Lenovo,ideapad3i-14-i5,14 Inches,Platinum Gray,512 GB,Core i5-10210U,8 GB,,,,1.6 GHz core_i5_10210u
"Dell Inspiron 15 3000 Series 3511 Laptop, 15.6"" FHD Touchscreen, Intel Core i5-1035G1, 16GB DDR4 RAM, 1TB PCIe SSD, SD Card Reader, Webcam, HDMI, Wi-Fi, Windows 11 Home, Black",Dell,Inspiron,15.6 Inches,Black,1 TB,Core i5-1035G1,16 GB,,,,1 GHz core_i5_1035g1
"Dell Precision 7000 7680 Workstation Laptop (2023) | 16"" FHD+ | Core i7-1TB SSD - 32GB RAM - RTX A1000 | 20 Cores @ 5.3 GHz - 13th Gen CPU Win 11 Pro (Renewed)",Dell,Precision 7680 Laptop,16 Inches,Silver,1000 GB,Core i7,32 GB,,,,32 GB
"MSI Pulse15 Laptop: Intel Core i7-13620H, GeForce RTX 4060, 15.6"" FHD 144Hz, 32GB DDR5, 1TB NVMe SSD, USB 3.2 Gen1 Type C w/DP, Cooler Boost 5, Win 11 Pro: Black B13VFK-1263US",MSI,Pulse 15 B13VFK-1263US,15.6 Inches,Black,1 TB,Core i7,32 GB,,,,2.4 GHz core_i7
"Dell Inspiron 5630 Laptop (2023) | 16"" FHD+ Touch | Core i5-512GB SSD - 8GB RAM | 10 Cores @ 4.6 GHz - 13th Gen CPU Win 11 Home (Renewed)",Dell,Inspiron 5630 Laptop,16 Inches,"Gray, Platinum Silver",512 GB,Core i5,8 GB,,,,8 GB
"Dell Vostro 2023 Laptop - 15.6"" FHD Intel Iris Xe Graphics - Intel Core i7-1255U 10 Cores - 16GB DDR4 1TB NVMe SSD- Numeric Keypad Wi-Fi 5 Bluetooth 5.1 - Win11 Pro - Carbon Black",Dell,Vostro 3520,15.6 Inches,Carbon Black,1 TB,Core i7 Family,16 GB,,,,3 GHz core_i7_family
"Dell Latitude 5000 5421 Laptop (2021) | 14"" FHD | Core i7-512GB SSD - 16GB RAM - GeForce MX450 | 8 Cores @ 4.8 GHz - 11th Gen CPU Win 11 Home (Renewed)",Dell,Latitude 5421 Laptop,14 Inches,Black,512 GB,Core i7,Windows 11 Home,,,,16 GB
"MSI Raider GE68Hx 16"" QHD+ 240Hz Gaming Laptop: Intel Core i9-13950HX, RTX 4060, 16GB DDR5, 1TB NVMe SSD, Thunderbolt 4, USB-Type C, Cooler Boost 5, Win 11 Pro: Black 13VF-049US",MSI,Raider GE68HX 13VF-049US,16 Inches,1 TB,Core i9,16 GB,,,,,2.2 GHz core_i9
"Dell Latitude 5000 5540 Laptop (2023) | 15.6"" FHD Touch | Core i5-256GB SSD - 32GB RAM | 10 Cores @ 4.7 GHz - 13th Gen CPU Win 11 Pro (Renewed)",Dell,Latitude 5540 Laptop,15.6 Inches,Black,256 GB,Core i5,32 GB,,,,32 GB
"HP Victus 15.6"" Gaming Laptop PC, NVIDIA GeForce RTX 3050 Ti, AMD Ryzen 7 5800H, Refined 1080p IPS Display, Compact Design, All-in-One Keyboard with Enlarged Touchpad, HD Webcam (15-fb0028nr, 2022)",HP,Victus,15.6 Inches,Silver,4 GB,AMD Ryzen 7 5800H,16 GB,,,,4.4 GHz amd_ryzen_7_5800h
"Dell Inspiron 5630 Laptop (2023) | 16"" FHD+ Touch | Core i7-1TB SSD - 16GB RAM | 12 Cores @ 5 GHz - 13th Gen CPU Win 11 Home (Renewed)",Dell,Inspiron 5630 Laptop,16 Inches,"Gray, Platinum Silver",1000 GB,Core i7,16 GB,,,,16 GB
"Dell Inspiron 5630 Laptop (2023) | 16"" FHD+ | Core i7-1TB SSD - 16GB RAM | 12 Cores @ 5 GHz - 13th Gen CPU Win 11 Pro (Renewed)",Dell,Inspiron 5630 Laptop,16 Inches,"Gray, Platinum Silver",1000 GB,Core i7,16 GB,,,,16 GB
"ASUS TUF Dash 15 (2022) Gaming Laptop, 15.6” 144Hz FHD Display, Intel Core i5 12450H, GeForce RTX 3050 Ti, 8GB DDR5, 512GB PCIe SSD, Thunderbolt 4, Wi-Fi 6, Windows 11 Home, Off Black, FX517ZE-RS51",ASUS,TUF Dash 15,15.6 Inches,Black,512 GB,Core i5,8 GB,,,,4.4 GHz core_i5
"Dell Latitude 5000 5440 Laptop (2023) | 14"" FHD Touch | Core i7-256GB SSD - 32GB RAM | 14 Cores @ 5.2 GHz - 13th Gen CPU Win 11 Pro (Renewed)",Dell,Latitude 5440 Laptop,14 Inches,Black,256 GB,Core i7,32 GB,,,,32 GB
"Dell Latitude 5000 5440 Laptop (2023) | 14"" FHD Touch | Core i7-512GB SSD - 16GB RAM | 10 Cores @ 5 GHz - 13th Gen CPU Win 11 Pro (Renewed)",Dell,Latitude 5440 Laptop,14 Inches,Black,512 GB,Core i7,16 GB,,,,16 GB
"Dell Latitude 3000 3520 Laptop (2021) | 15.6"" FHD | Core i7-1TB SSD + 500GB HDD - 32GB RAM - GeForce MX350 | 4 Cores @ 4.7 GHz - 11th Gen CPU Win 11 Pro (Renewed)",Dell,Latitude 3520 Laptop,15.6 Inches,Black,1000 GB,Core i7,32 GB,,,,32 GB
"ASUS ROG Flow 13.4"" Touchscreen Gaming Laptop - AMD Ryzen 9-16GB Memory - NVIDIA GeForce RTX 3050 Ti V4G Graphics - 1TB SSD - Off Black",ASUS,ROG Flow X13,13.4 Inches,Off Black,1 TB,Ryzen 9,16 GB,,,,3.2 GHz ryzen_9
"Dell Inspiron 14 5420 Laptop (2022) | 14"" | Core i7 - 512GB SSD - 16GB RAM | 10 Cores @ 4.7 GHz - 12th Gen CPU Win 11 Pro (Renewed)",Dell,Inspiron 5420 Laptop,14 Inches,"Gray, Platinum Silver",512 GB,Core i7,Windows 11 Pro,,,,16 GB
"[2021 Version]ASUS Vivobook Laptop L210 11.6” ultra thin, Intel Celeron N4020 Processor, 4GB RAM, 64GB eMMC storage, Windows 10 Home in S mode with One Year of Office 365 Personal, L210MA-DB01",ASUS,ASUS L210,11.6 Inches,Black,64 GB,Celeron N4020,4 GB,,,,2.8 GHz celeron_n4020
Asus 14.5'' OLED VivoBook Intel Evo Platform Laptop - 12th Gen Core i7-12700H 2880 x 1800 Display 120HZ -12GB DDR4 RAM 512GB PCIe® NVMe™ M.2 4.0 Solid State Drive Windows 11 Midnight Black,ASUS,S5402ZA-IS74,14.5 Inches,512 GB,Core i7,12 GB,,,,,12 GB DDR4
"HP 17-inch Laptop, 11th Generation Intel Core i5-1135G7, Iris Xe Graphics, 8 GB RAM, 256 GB SSD, Windows 11 Home (17-cn0025nr,Natural Silver)",HP,HP Laptop 17-cn0025nr,17.3 Inches,Natural silver,256 GB,Intel Core i5-1135G7,8 GB,,,,4.2 GHz intel_core_i5_1135g7
MSI 2023 GF63 15.6” FHD IPS Gaming Laptop 6-Core Intel i5-10500H NVIDIA GeForce GTX 1650 4GB GDDR6 16GB DDR4 1TB NVMe SSD WiFi AX RJ45 HDMI USB-C Webcam Backlit Keyboard Windows 10 Pro w/RE USB,MSI,GF63 Thin 10SCXR,15.6 Inches,Black,1 TB,Core i5 Family,64 GB,,,,2.5 GHz core_i5_family
"Microsoft Surface Laptop Go - 12.4"" Touchscreen - Intel Core i5 - 8GB Memory - 128GB SSD - Sandstone",Microsoft,Surface Laptop Go,12.4 Inches,Sandstone,128 GB,Core i5-1035G1,8 GB,,,,3.6 GHz core_i5_1035g1
"Dell Latitude 5000 5421 Laptop (2021) | 14"" FHD | Core i7-512GB SSD - 16GB RAM - GeForce MX450 | 8 Cores @ 4.8 GHz - 11th Gen CPU Win 11 Home (Renewed)",Dell,Latitude 5421 Laptop,14 Inches,Black,512 GB,Core i7,Windows 11 Home,,,,16 GB
"HP Pavilion 15 15.6"" FHD (1920x1080) IPS Touchscreen Laptop | Intel i7-1255U 10-Core | Intel Iris Xe Graphics | Backlit Keyboard | USB-C | HDMI 2.1 | Wi-Fi 6 | 32GB DDR4 1TB SSD | Win11 Pro",HP,Pavilion 15,15.6 Inches,Fog blue,1 TB,Core i7 Family,32 GB,,,,2.9 GHz core_i7_family
"ASUS VivoBook Flip 14 Thin and Light 2-in-1 Laptop, 14” FHD Touch Display, AMD Ryzen 5 5500U, 8GB RAM, 512GB SSD, Stylus, Fingerprint Reader, Windows 10 Home, Bespoke Black, TM420UA-DS52T",ASUS,TM420UA-DS52T,14,Black,512 GB,Ryzen 5,8 GB,,,,2 GHz ryzen_5
"ASUS Newest Zenbook 14"" 2.8K (2880 x 1800) 90Hz OLED Laptop, 12th Gen Core i5-1240P Processor (Beats i7-1185G7), Backlit Keyboard, Fingerprint Reader, Harman Kardon, Win 11 (8GB RAM | 1TB PCIe SSD)",ASUS,Zenbook,14 Inches,1 TB,Core i5,8 GB,,,,,3.3 GHz core_i5
"ASUS E210MA 11.6"" 4GB 64GB eMMC Celeron® N4020 1.1GHz Win10S, Star Black",ASUS,Custom/No Brand E210MA,11.6 Inches,Star Black,64 GB,Unknown,4 GB,,,,1.1 GHz
"HP Pavilion 15 15.6"" FHD (1920x1080) IPS Touchscreen Laptop | Intel i7-1255U 10-Core | Intel Iris Xe Graphics | Backlit Keyboard | USB-C | HDMI 2.1 | Wi-Fi 6 | 32GB DDR4 1TB SSD | Win11 Pro",HP,Pavilion 15,15.6 Inches,Fog blue,1 TB,Core i7 Family,32 GB,,,,2.9 GHz core_i7_family
"Dell Precision 3000 3580 Workstation Laptop (2023) | 15.6"" FHD | Core i5-512GB SSD - 32GB RAM | 10 Cores @ 4.6 GHz - 13th Gen CPU Win 11 Pro (Renewed)",Dell,Precision 3580 Laptop,15.6 Inches,Silver,512 GB,Core i5,32 GB,,,,32 GB
"Dell XPS 9320 Laptop (2022) | 13.4"" FHD+ | Core i7-1TB SSD - 16GB RAM | 12 Cores @ 5 GHz - 13th Gen CPU Win 11 Pro (Renewed)",Dell,XPS 9320 Laptop,13.4 Inches,"Gray, Silver",1000 GB,Core i7,16 GB,,,,16 GB
"Dell Latitude 7000 7340 Laptop (2023) | 13.3"" FHD+ | Core i7-256GB SSD - 32GB RAM | 10 Cores @ 5.2 GHz - 13th Gen CPU Win 11 Pro (Renewed)",Dell,Latitude 7340 Laptop,13.3 Inches,Black,256 GB,Core i7,32 GB,,,,32 GB
"Lenovo IdeaPad 3 11 Chromebook Laptop,11.6"" HD Display,Intel Celeron N4020, 4GB RAM, 64GB Storage, UHD Graphics 600, Chrome OS, Onyx Black",Lenovo,"Chromebook 3 11""",11.6 Inches,Onyx Black,64 GB,Celeron N4020,4 GB,,,,1.1 GHz celeron_n4020
"HP - Pavilion x360 2-in-1 14"" Touch-Screen Laptop - Intel Core i5-8GB Memory - 512GB SSD - Natural Silver - Mode 14-ek0033dx",HP,Pavilion x360 2-in-1,14 Inches,Natural Silver,512 GB,Intel Core i5,8 GB,,,,2 GHz apple_ci5
"HP Omen 17 2023 Gaming Laptop 17.3"" WQHD IPS 165Hz 14-Core Intel i7-12700H 64GB DDR5 2TB SSD NVIDIA GeForce RTX 3070 Ti 8GB GDDR6 Thunderbolt 4 Wi-Fi 6E RGB Backlit Windows 10 Pro w/ONT 32GB USB",HP,Omen 17T-CK100,17.3 Inches,Shdow Black,2 TB,Core i7 Family,64 GB,,,,2.9 GHz core_i7_family
"Lenovo IdeaPad 3i 14 Laptop, Student and Business, 14"" FHD Screen, Intel i3-1115G4 Processor, 8GB RAM, 512GB SSD, HDMI, Media Card Reader, Webcam, Dolby Audio, Wi-Fi 6, Windows 11 Home, Platinum Grey",Lenovo,IdeaPad,14 Inches,Grey,512 GB,Core i3 Family,Windows 11 Home,,,,3 GHz core_i3_family
"MSI Prestige 16 Studio Laptop: Intel Core i7-13700H, GeForce RTX 4060, 16"" QHD+ 165Hz MiniLED Display, 32GB DDR5, 2TB NVMe SSD, HDMI, MicroSD Card Reader, Win 11 Pro: Urban Silver A13VF-039US",MSI,Prestige 16Studio A13VF-039US,16 Inches,Core i7,32 GB,,,,,,3.7 GHz core_i7
"Dell Latitude 2022 Business Laptop ~ 13.3"" FHD 60Hz Touch ~ Intel Core i7-1185G7~32GB LPDDR4~4TB M.2 NVMe ~ Backlit Keyboard Fingerprint ~ Thunderbolt 4 ~ Wi-Fi 6 ~ Windows 10 Pro ~ Platinum Grey",Dell,Latitude 5320,13.3 Inches,Platinum Grey,4 TB,Core i7 Family,32 GB,,,,2.9 GHz core_i7_family
MSI 2022 GE76 Raider 17.3'' 144 Hz FHD Laptop 14Core Intel i9-12900H 64GB DDR5 2TB NVMe SSD NVIDIA GeForce RTX3060 6GB WiFi AX HDMI RJ45 Thunberbolt4 Backlit DTS RGB Wind11 Pro w/RE USB Titanium Blue,MSI,GE76 12UE,17.3 Inches,Titanium Blue,2 TB,Intel Core i9,64 GB,,,,3.8 GHz intel_core_i9
"HP 17-inch Laptop, 11th Generation Intel Core i5-1135G7, Iris Xe Graphics, 8 GB RAM, 256 GB SSD, Windows 11 Home (17-cn0025nr,Natural Silver)",HP,HP Laptop 17-cn0025nr,17.3 Inches,Natural silver,256 GB,Intel Core i5-1135G7,8 GB,,,,4.2 GHz intel_core_i5_1135g7
"Logitech USB Microphone for RockBand Guitar Hero Karaoke We Sing Sing Party (Wii U, PS4, Xbox One, PS3, Wii, Xbox 360, PC, Mac) (Certified Refurbished)",Logitech,USB,USB,USB,Microphone,,,, , , 
"Dell Latitude 5000 5440 Laptop (2023) | 14"" FHD | Core i5-256GB SSD - 8GB RAM | 10 Cores @ 4.6 GHz - 13th Gen CPU Win 11 Pro",Dell,Latitude 5440 Laptop,14 Inches,Black,256 GB,Core i5,8 GB,,,,8 GB
"Dell XPS 9320 Laptop (2022) | 13.4"" 4K Touch | Core i7-1TB SSD - 32GB RAM | 12 Cores @ 5 GHz - 13th Gen CPU Win 11 Pro (Renewed)",Dell,XPS 9320 Laptop,13.4 Inches,Gray,1000 GB,Core i7,32 GB,,,,32 GB DDR5
"ASUS VivoBook Flip 14 Thin and Light 2-in-1 Laptop, 14” FHD Touch Display, AMD Ryzen 5 5500U, 8GB RAM, 512GB SSD, Stylus, Fingerprint Reader, Windows 10 Home, Bespoke Black, TM420UA-DS52T",ASUS,TM420UA-DS52T,14,Black,512 GB,Ryzen 5,8 GB,,,,2 GHz ryzen_5
